date,資産タイプ,資産額の目標,トータルリターンの目標
2024-12-01,安全資産,31288246.13485631,171.44244457455514
2024-12-01,リスク資産,5009946.106063115,274.51759485277347
2024-12-02,リスク資産,5014781.177867259,274.7825302940964
2024-12-02,安全資産,31283857.0230916,171.41839464707724
2024-12-03,安全資産,31279468.00160796,171.39434521429018
2024-12-03,リスク資産,5019616.400275838,275.0474739877171
2024-12-04,安全資産,31275079.070317894,171.3702962757145
2024-12-04,リスク資産,5024451.773385098,275.3124259389095
2024-12-05,安全資産,31270690.229133923,171.34624783087082
2024-12-05,リスク資産,5029287.297291291,275.57738615294744
2024-12-06,リスク資産,5034122.97209067,275.8423546351052
2024-12-06,安全資産,31266301.47796853,171.32219987927962
2024-12-07,リスク資産,5038958.797879497,276.1073313906573
2024-12-07,安全資産,31261912.816734213,171.29815242046143
2024-12-08,リスク資産,5043794.774754038,276.3723164248788
2024-12-08,安全資産,31257524.245343488,171.27410545393693
2024-12-09,リスク資産,5048630.902810564,276.6373097430446
2024-12-09,安全資産,31253135.76370884,171.2500589792265
2024-12-10,リスク資産,5053467.1821453525,276.9023113504303
2024-12-10,安全資産,31248747.371742774,171.22601299585082
2024-12-11,リスク資産,5169773.20189578,283.2752439394948
2024-12-11,安全資産,31932889.48031669,174.97473687844763
2024-12-12,リスク資産,5174716.367600628,283.546102334281
2024-12-12,安全資産,31928404.56459266,174.950161997768
2024-12-13,安全資産,31923919.74024494,174.92558761778048
2024-12-13,リスク資産,5179659.688212677,283.81696921713296
2024-12-14,安全資産,31919435.007184103,174.9010137379951
2024-12-14,リスク資産,5184603.163830347,284.08784459344366
2024-12-15,安全資産,31932153.10504675,174.97070194546163
2024-12-15,リスク資産,5192344.054826037,284.5120030041664
2024-12-16,リスク資産,5197290.505540918,284.78304139950234
2024-12-16,安全資産,31927666.13703682,174.94611581937983
2024-12-17,安全資産,31923179.26009453,174.9215301922988
2024-12-17,リスク資産,5202237.111640421,285.0540883090642
2024-12-18,安全資産,31918692.47413041,174.89694506372828
2024-12-18,リスク資産,5207183.873223043,285.3251437382489
2024-12-19,安全資産,31914205.779054977,174.87236043317796
2024-12-19,リスク資産,5212130.790387281,285.59620769245373
2024-12-20,リスク資産,5217077.863231644,285.8672801770764
2024-12-20,安全資産,31909719.174778737,174.84777630015745
2024-12-21,リスク資産,5222025.091854641,286.1383611975146
2024-12-21,安全資産,31905232.66121222,174.82319266417656
2024-12-22,安全資産,31900746.23826593,174.79860952474485
2024-12-22,リスク資産,5226972.476354789,286.40945075916653
2024-12-23,安全資産,31896259.905850403,174.77402688137207
2024-12-23,リスク資産,5231920.01683061,286.6805488674307
2024-12-24,リスク資産,5236867.71338063,286.9516555277058
2024-12-24,安全資産,31891773.663876127,174.74944473356783
2024-12-25,リスク資産,5241815.566103382,287.2227707453908
2024-12-25,安全資産,31887287.512253635,174.72486308084183
2024-12-26,安全資産,32187636.54678385,176.37061121525397
2024-12-26,リスク資産,5296928.479206995,290.24265639490386
2024-12-27,安全資産,32183107.68471501,176.345795532685
2024-12-27,リスク資産,5301923.954543436,290.51638107087325
2024-12-28,リスク資産,5306919.5878442535,290.7901144024249
2024-12-28,安全資産,32178578.913590804,176.32098034844276
2024-12-29,リスク資産,5245281.430644559,287.41268113120867
2024-12-29,安全資産,31770451.181885246,174.08466401033013
2024-12-30,安全資産,31765979.400098994,174.06016109643286
2024-12-30,リスク資産,5250214.7097759545,287.6829977959427
2024-12-31,安全資産,31761507.70784889,174.03565867314464
2024-12-31,リスク資産,5255148.145184944,287.9533230238326
2025-01-01,リスク資産,5260081.736969794,288.2236568202627
2025-01-01,安全資産,31757036.10504574,174.01115673997666
2025-01-02,リスク資産,5265015.485228775,288.4939991906178
2025-01-02,安全資産,31752564.59160032,173.98665529644012
2025-01-03,リスク資産,5269949.390060162,288.76435014028283
2025-01-03,安全資産,31748093.167423423,173.96215434204615
2025-01-04,安全資産,31743621.83242583,173.93765387630592
2025-01-04,リスク資産,5274883.451562237,289.0347096746431
2025-01-05,リスク資産,5279817.669833287,289.30507779908424
2025-01-05,安全資産,31739150.58651833,173.9131538987306
2025-01-06,リスク資産,5284752.044971604,289.575454518992
2025-01-06,安全資産,31734679.42961172,173.88865440883134
2025-01-07,安全資産,31730208.361616764,173.86415540611927
2025-01-07,リスク資産,5289686.577075486,289.84583983975267
2025-01-08,安全資産,31725737.38244426,173.83965689010552
2025-01-08,リスク資産,5294621.266243237,290.1162337667527
2025-01-09,リスク資産,5299556.112573165,290.38663630537894
2025-01-09,安全資産,31721266.492004987,173.8151588603013
2025-01-10,リスク資産,5304491.116163585,290.6570474610184
2025-01-10,安全資産,31716795.69020973,173.79066131621772
2025-01-11,リスク資産,5309426.277112817,290.9274672390585
2025-01-11,安全資産,31712324.97696928,173.76616425736592
2025-01-12,リスク資産,5314361.595519187,291.19789564488696
2025-01-12,安全資産,31707854.352194414,173.74166768325708
2025-01-13,安全資産,31703383.815795902,173.7171715934022
2025-01-13,リスク資産,5319297.071481023,291.4683326838917
2025-01-14,安全資産,31698913.367684543,173.69267598731258
2025-01-14,リスク資産,5324232.705096664,291.738778361461
2025-01-15,リスク資産,5329168.49646445,292.0092326829836
2025-01-15,安全資産,31694443.0077711,173.6681808644992
2025-01-16,リスク資産,5334104.445682729,292.27969565384814
2025-01-16,安全資産,31689972.73596637,173.64368622447324
2025-01-17,安全資産,31685502.55218112,173.61919206674588
2025-01-17,リスク資産,5339040.552849855,292.5501672794441
2025-01-18,リスク資産,5343976.818064186,292.82064756516087
2025-01-18,安全資産,31681032.45632614,173.59469839082814
2025-01-19,安全資産,31676562.4483122,173.57020519623123
2025-01-19,リスク資産,5348913.241424085,293.0911365163882
2025-01-20,リスク資産,5353849.823027921,293.36163413851625
2025-01-20,安全資産,31672092.52805008,173.54571248246617
2025-01-21,安全資産,31667622.695450548,173.5212202490441
2025-01-21,リスク資産,5358786.562974069,293.6321404369353
2025-01-22,リスク資産,5363723.461360912,293.90265541703627
2025-01-22,安全資産,31663152.95042439,173.4967284954761
2025-01-23,安全資産,31658683.292882383,173.47223722127333
2025-01-23,リスク資産,5368660.518286832,294.17317908420995
2025-01-24,リスク資産,5373597.733850223,294.44371144384786
2025-01-24,安全資産,31654213.722735297,173.44774642594683
2025-01-25,リスク資産,5378535.108149482,294.7142525013415
2025-01-25,安全資産,31649744.23989391,173.42325610900772
2025-01-26,リスク資産,5471431.353611778,299.80445773215223
2025-01-26,安全資産,32162316.13194022,176.2318692161108
2025-01-27,安全資産,32157773.80094449,176.2069797312027
2025-01-27,リスク資産,5476449.720934451,300.0794367635316
2025-01-28,安全資産,32153231.558408864,176.1820907310075
2025-01-28,リスク資産,5481468.2498865705,300.35442465131894
2025-01-29,リスク資産,5450882.453088713,298.67849058020346
2025-01-29,安全資産,31940060.89172211,175.01403228340882
2025-01-30,安全資産,31935548.30151365,174.9893057617186
2025-01-30,リスク資産,5455868.735820037,298.95171155178286
2025-01-31,リスク資産,5460855.179430067,299.2249413386338
2025-01-31,安全資産,31931035.79892093,174.96457972011467
2025-02-01,安全資産,31926523.38385386,174.93985415810334
2025-02-01,リスク資産,5465841.784018197,299.4981799462026
2025-02-02,リスク資産,5470828.549683827,299.77142737993574
2025-02-02,安全資産,31922011.05622233,174.91512907519086
2025-02-03,リスク資産,5475815.476526365,300.04468364528026
2025-02-03,安全資産,31917498.81593625,174.8904044708836
2025-02-04,安全資産,31912986.66290551,174.86568034468772
2025-02-04,リスク資産,5480802.56464522,300.31794874768326
2025-02-05,リスク資産,5485789.814139811,300.5912226925924
2025-02-05,安全資産,31908474.597040016,174.84095669610969
2025-02-06,安全資産,31903962.61824965,174.81623352465564
2025-02-06,リスク資産,5490777.225109561,300.8645054854554
2025-02-07,リスク資産,5495764.797653899,301.1377971317205
2025-02-07,安全資産,31899450.726444326,174.79151082983194
2025-02-08,安全資産,31894938.921533927,174.76678861114482
2025-02-08,リスク資産,5500752.531872258,301.411097636836
2025-02-09,安全資産,31890427.203428358,174.74206686810055
2025-02-09,リスク資産,5505740.427864078,301.6844070062509
2025-02-10,安全資産,31885915.572037496,174.71734560020545
2025-02-10,リスク資産,5510728.485728806,301.95772524541405
2025-02-11,安全資産,31881404.027271256,174.6926248069658
2025-02-11,リスク資産,5515716.705565893,302.23105235977494
2025-02-12,安全資産,31876892.56903952,174.66790448788777
2025-02-12,リスク資産,5520705.087474795,302.5043883547833
2025-02-13,リスク資産,5525693.631554975,302.77773323588906
2025-02-13,安全資産,31872381.197252184,174.6431846424777
2025-02-14,安全資産,31867869.91181913,174.61846527024184
2025-02-14,リスク資産,5530682.337905901,303.05108700854254
2025-02-15,リスク資産,5538631.53539417,303.4866594736532
2025-02-15,安全資産,31880398.38388315,174.68711443223643
2025-02-16,安全資産,31875884.858465888,174.66238278611445
2025-02-16,リスク資産,5543623.234585336,303.7601772375527
2025-02-17,リスク資産,5548615.096432623,304.0337039141164
2025-02-17,安全資産,31871371.419178624,174.63765161193766
2025-02-18,安全資産,31866858.065931197,174.61292090921202
2025-02-18,リスク資産,5553607.121035577,304.3072395087987
2025-02-19,リスク資産,5558599.308493746,304.5807840270546
2025-02-19,安全資産,31862344.79863344,174.58819067744352
2025-02-20,安全資産,31857831.617195208,174.56346091613813
2025-02-20,リスク資産,5563591.658906688,304.85433747433905
2025-02-21,リスク資産,5568584.172373961,305.12789985610743
2025-02-21,安全資産,31853318.521526325,174.53873162480178
2025-02-22,リスク資産,5573576.848995133,305.40147117781555
2025-02-22,安全資産,31848805.511536635,174.51400280294047
2025-02-23,安全資産,31844292.58713597,174.48927445006015
2025-02-23,リスク資産,5578569.688869776,305.67505144491923
2025-02-24,安全資産,31839779.74823417,174.46454656566672
2025-02-24,リスク資産,5583562.692097469,305.94864066287505
2025-02-25,リスク資産,5588555.858777795,306.22223883713946
2025-02-25,安全資産,31835266.99474108,174.4398191492662
2025-02-26,リスク資産,5646608.558873357,309.40320870538943
2025-02-26,安全資産,32132694.956703503,176.06956140659454
2025-02-27,リスク資産,5651649.420114292,309.6794202802352
2025-02-27,安全資産,32128139.56823268,176.0446003738777
2025-02-28,リスク資産,5656690.446659962,309.9556409128746
2025-02-28,安全資産,32123584.265707664,176.01963981209678
2025-03-01,安全資産,31911396.20419908,174.8569655024607
2025-03-01,リスク資産,5625131.483449273,308.2263826547547
2025-03-02,リスク資産,5630140.251147863,308.5008356793349
2025-03-02,安全資産,31906870.51984864,174.83216723204737
2025-03-03,安全資産,31902344.920617115,174.807369428039
2025-03-03,リスク資産,5635149.183382299,308.775297719578
2025-03-04,安全資産,31897819.40641406,174.78257208994006
2025-03-04,リスク資産,5640158.2802525,309.04976878095897
2025-03-05,安全資産,31893293.977149043,174.75777521725504
2025-03-05,リスク資産,5645167.541858393,309.324248868953
2025-03-06,リスク資産,5650176.968299903,309.5987379890358
2025-03-06,安全資産,31888768.632731616,174.73297880948832
2025-03-07,リスク資産,5655186.55967697,309.8732361466833
2025-03-07,安全資産,31884243.373071343,174.70818286614437
2025-03-08,リスク資産,5660196.316089534,310.1477433473717
2025-03-08,安全資産,31879718.1980778,174.68338738672765
2025-03-09,リスク資産,5665206.237637543,310.4222595965777
2025-03-09,安全資産,31875193.107660525,174.6585923707426
2025-03-10,安全資産,31870668.101729084,174.63379781769362
2025-03-10,リスク資産,5670216.3244209485,310.696784899778
2025-03-11,安全資産,32799853.317179337,179.7252236557772
2025-03-11,リスク資産,5841516.439553409,320.083092578269
2025-03-12,安全資産,32795195.89765339,179.69970354878572
2025-03-12,リスク資産,5846673.667395588,320.3656804052377
2025-03-13,安全資産,32790538.564809524,179.67418391676452
2025-03-13,リスク資産,5851831.06562341,320.648277568406
2025-03-14,リスク資産,5856988.634339781,320.93088407341264
2025-03-14,安全資産,32785881.31855464,179.6486647592035
2025-03-15,安全資産,32781224.158795644,179.6231460755926
2025-03-15,リスク資産,5862146.37364761,321.21349992589643
2025-03-16,安全資産,32776567.08543944,179.59762786542154
2025-03-16,リスク資産,5867304.283649816,321.4961251314968
2025-03-17,安全資産,32771910.098392926,179.5721101281804
2025-03-17,リスク資産,5872462.364449322,321.7787596958533
2025-03-18,リスク資産,5877620.61614906,322.06140362460604
2025-03-18,安全資産,32767253.19756301,179.546592863359
2025-03-19,安全資産,32762596.3828566,179.52107607044712
2025-03-19,リスク資産,5882779.038851961,322.3440569233951
2025-03-20,安全資産,32757939.654180583,179.49555974893474
2025-03-20,リスク資産,5887937.632660968,322.6267195978613
2025-03-21,安全資産,32753283.01144187,179.47004389831162
2025-03-21,リスク資産,5893096.397679029,322.90939165364546
2025-03-22,リスク資産,5898255.334009097,323.19207309638887
2025-03-22,安全資産,32748626.45454736,179.44452851806773
2025-03-23,リスク資産,5903414.44175413,323.47476393173315
2025-03-23,安全資産,32743969.98340394,179.41901360769285
2025-03-24,安全資産,32739313.59791852,179.3934991666768
2025-03-24,リスク資産,5908573.721017094,323.75746416532024
2025-03-25,リスク資産,5913733.171900959,324.04017380279225
2025-03-25,安全資産,32734657.29799798,179.3679851945095
2025-03-26,リスク資産,5973259.342453909,327.3018817782964
2025-03-26,安全資産,33030634.535604022,180.98977827728237
2025-03-27,リスク資産,5979631.433937088,327.6510374760048
2025-03-27,安全資産,33032370.735780902,180.99929170290903
2025-03-28,安全資産,33027671.009478085,180.9735397779621
2025-03-28,リスク資産,5984839.810569083,327.93642797638813
2025-03-29,リスク資産,5949478.098420523,325.9987999134533
2025-03-29,安全資産,32799308.631594405,179.7222390772296
2025-03-30,安全資産,32794640.907000195,179.69666250411066
2025-03-30,リスク資産,5954651.544053721,326.2822763865053
2025-03-31,リスク資産,5959825.162364193,326.5657623213257
2025-03-31,安全資産,32789973.267628618,179.671086397965
2025-04-01,リスク資産,5964998.953455212,326.8492577235732
2025-04-01,安全資産,32785305.71338632,269.4682661374218
2025-04-02,リスク資産,5970186.7560405405,327.1335208789337
2025-04-02,安全資産,32780714.22832485,269.4305279040399
2025-04-03,リスク資産,5975374.753479015,327.4177947111789
2025-04-03,安全資産,32776122.79493516,269.39279009535744
2025-04-04,安全資産,32771531.41312937,269.3550527106524
2025-04-04,リスク資産,5980562.945869606,327.70207922573184
2025-04-05,リスク資産,5985751.333311295,327.9863744280162
2025-04-05,安全資産,32766940.082819626,269.3173157492024
2025-04-06,安全資産,32762348.80391803,269.2795792102852
2025-04-06,リスク資産,5990939.915903066,328.2706803234557
2025-04-07,リスク資産,5996128.69374391,328.5549969174745
2025-04-07,安全資産,32757757.576336715,269.2418430931785
2025-04-08,リスク資産,6001317.666932828,328.8393242154974
2025-04-08,安全資産,32753166.39998781,269.2041073971601
2025-04-09,リスク資産,6006506.835568823,329.1236622229492
2025-04-09,安全資産,32748575.274783425,269.1663721215076
2025-04-10,リスク資産,6011696.19975091,329.40801094525534
2025-04-10,安全資産,32743984.200635687,269.1286372654988
2025-04-11,リスク資産,6016885.759578105,329.6923703878414
2025-04-11,安全資産,32739393.177456703,269.09090282841123
2025-04-12,リスク資産,6022075.515149432,329.9767405561333
2025-04-12,安全資産,32734802.205158588,269.0531688095226
2025-04-13,リスク資産,6027265.466563926,330.2611214555576
2025-04-13,安全資産,32730211.28365346,269.01543520811066
2025-04-14,安全資産,32725620.412853427,268.9777020234529
2025-04-14,リスク資産,6032455.613920623,330.545513091541
2025-04-15,安全資産,32737914.08582128,269.0787459108599
2025-04-15,リスク資産,6040761.464167884,331.0006281735827
2025-04-16,リスク資産,6045954.682094626,331.28518805997953
2025-04-16,安全資産,32733320.94726862,269.0409940871393
2025-04-17,安全資産,32728727.85918341,269.0032426782198
2025-04-17,リスク資産,6051148.096361989,331.5697587047665
2025-04-18,リスク資産,6056341.707069088,331.8543401133747
2025-04-18,安全資産,32724134.821477693,268.96549168337833
2025-04-19,リスク資産,6061535.5143150445,332.13893229123534
2025-04-19,安全資産,32719541.83406353,268.927741101892
2025-04-20,安全資産,32714948.896852978,268.8899909330382
2025-04-20,リスク資産,6066729.518198988,332.42353524378024
2025-04-21,リスク資産,6071923.718820055,332.7081489764414
2025-04-21,安全資産,32710356.00975809,268.85224117609386
2025-04-22,リスク資産,6077118.116277386,332.9927734946513
2025-04-22,安全資産,32705763.17269091,268.81449183033624
2025-04-23,リスク資産,6082312.710670132,333.2774088038429
2025-04-23,安全資産,32701170.38556349,268.7767428950424
2025-04-24,安全資産,32696577.648287877,268.7389943694894
2025-04-24,リスク資産,6087507.502097447,333.5620549094492
2025-04-25,安全資産,32691984.9607761,268.70124625295426
2025-04-25,リスク資産,6092702.490658494,333.84671181690373
2025-04-26,安全資産,32986578.542118307,271.1225633598765
2025-04-26,リスク資産,6153711.457274358,337.18966889174567
2025-04-27,安全資産,32981943.91811845,271.08447055987773
2025-04-27,リスク資産,6158954.393506462,337.47695306884725
2025-04-28,安全資産,32977309.34407164,271.0463781704519
2025-04-28,リスク資産,6164197.528976903,337.764248163118
2025-04-29,安全資産,32728187.311642528,268.9987998217194
2025-04-29,リスク資産,6123695.372032354,335.54495189218375
2025-04-30,安全資産,32723587.20117793,268.96099069461314
2025-04-30,リスク資産,6128900.026248662,335.8301384245842
2025-05-01,安全資産,32718987.140031647,268.92318197286284
2025-05-01,リスク資産,6134104.878524068,336.11533580953795
2025-05-02,安全資産,32679612.98071829,268.5995587456298
2025-05-02,リスク資産,6132784.076355205,336.0429630879564
2025-05-03,安全資産,32675017.907529484,268.5617910207903
2025-05-03,リスク資産,6137983.792065849,336.3278790173068
2025-05-04,安全資産,32670422.88334248,268.5240236987053
2025-05-04,リスク資産,6143183.705922886,336.6128058039937
2025-05-05,リスク資産,6148383.818025606,336.89774345345785
2025-05-05,安全資産,32665827.908069264,268.48625677865147
2025-05-06,リスク資産,6153584.128473305,337.18269197114
2025-05-06,安全資産,32661232.9816218,268.4484902599052
2025-05-07,リスク資産,6158784.637365283,337.46765136248126
2025-05-07,安全資産,32656638.10391205,268.4107241417429
2025-05-08,安全資産,32652043.274851996,268.37295842344105
2025-05-08,リスク資産,6163985.344800852,337.7526216329234
2025-05-09,安全資産,32647448.494353577,268.335193104276
2025-05-09,リスク資産,6169186.250879325,338.0376027879082
2025-05-10,リスク資産,6174387.355700024,338.322594832878
2025-05-10,安全資産,32642853.762328774,268.2974281835242
2025-05-11,リスク資産,6179588.659362279,338.6075977732756
2025-05-11,安全資産,32638259.078689534,268.259663660462
2025-05-12,リスク資産,6184790.161965423,338.89261161454374
2025-05-12,安全資産,32633664.443347827,268.2218995343657
2025-05-13,リスク資産,6189991.863608801,339.17763636212607
2025-05-13,安全資産,32629069.8562156,268.1841358045117
2025-05-14,安全資産,32624475.3172048,268.1463724701764
2025-05-14,リスク資産,6195193.764391759,339.4626720214663
2025-05-15,リスク資産,6200395.864413657,339.74771859800865
2025-05-15,安全資産,32619880.8262274,268.10860953063616
2025-05-16,安全資産,32615286.38319533,268.07084698516707
2025-05-16,リスク資産,6205598.163773853,340.0327760971975
2025-05-17,リスク資産,6210800.662571719,340.3178445244778
2025-05-17,安全資産,32610691.988020547,268.0330848330456
2025-05-18,リスク資産,6216003.360906628,340.6029238852947
2025-05-18,安全資産,32606097.640615,267.9953230735479
2025-05-19,安全資産,32601503.34089062,267.9575617059503
2025-05-19,リスク資産,6221206.258877965,340.888014185094
2025-05-20,リスク資産,6226409.356585116,341.1731154293214
2025-05-20,安全資産,32596909.088759363,267.919800729529
2025-05-21,リスク資産,6231612.65412748,341.4582276234236
2025-05-21,安全資産,32592314.88413316,267.88204014356023
2025-05-22,リスク資産,6236816.151604458,341.743350772847
2025-05-22,安全資産,32587720.72692395,267.8442799473201
2025-05-23,安全資産,32583126.61704367,267.80652014008496
2025-05-23,リスク資産,6242019.849115458,342.02848488303886
2025-05-24,安全資産,32578532.55440425,267.76876072113083
2025-05-24,リスク資産,6247223.746759898,342.3136299594465
2025-05-25,リスク資産,6252427.8446372,342.59878600751784
2025-05-25,安全資産,32573938.53891763,267.73100168973394
2025-05-26,リスク資産,6314846.471613917,346.01898474596805
2025-05-26,安全資産,32867130.241728608,270.1407965073584
2025-05-27,安全資産,32862494.31747369,270.10269302033174
2025-05-27,リスク資産,6320098.555650086,346.30677017260746
2025-05-28,安全資産,32857858.44053606,270.06458992221417
2025-05-28,リスク資産,6325350.842050908,346.594566687721
2025-05-29,安全資産,32670778.42452547,268.52694595500384
2025-05-29,リスク資産,6295447.517218113,344.95602834071855
2025-05-30,安全資産,32666168.385901462,268.4890552265874
2025-05-30,リスク資産,6300671.038816417,345.2422487022694
2025-05-31,安全資産,32661558.394066807,268.4511648827409
2025-05-31,リスク資産,6305894.761955004,345.5284801071235
2025-06-01,安全資産,32656948.448933102,268.41327492273786
2025-06-01,リスク資産,6311118.686733697,345.8147225607505
2025-06-02,安全資産,32652338.55041196,268.3753853458517
2025-06-02,リスク資産,6316342.813252324,346.1009760686205
2025-06-03,リスク資産,6321567.141610723,346.387240636204
2025-06-03,安全資産,32647728.698414978,268.337496151356
2025-06-04,リスク資産,6326791.6719087325,346.67351626897164
2025-06-04,安全資産,32643118.89285376,268.299607338524
2025-06-05,安全資産,32638509.13363989,268.26171890662926
2025-06-05,リスク資産,6332016.404246205,346.9598029723948
2025-06-06,リスク資産,6337241.338722994,347.2461007519448
2025-06-06,安全資産,32633899.420684986,268.22383085494505
2025-06-07,安全資産,32629289.75390062,268.18594318274484
2025-06-07,リスク資産,6342466.475438964,347.53240961309393
2025-06-08,安全資産,32624680.133198395,268.1480558893019
2025-06-08,リスク資産,6347691.814493983,347.81872956131417
2025-06-09,安全資産,32620070.558489904,268.11016897388964
2025-06-09,リスク資産,6352917.355987929,348.1050606020783
2025-06-10,安全資産,32615461.029686727,268.07228243578135
2025-06-10,リスク資産,6358143.100020682,348.3914027408593
2025-06-11,リスク資産,6493986.032993506,355.8348511229318
2025-06-11,安全資産,33280234.56039908,273.53617446903354
2025-06-12,安全資産,33275530.50804059,273.4975110249912
2025-06-12,リスク資産,6499319.456377591,356.127093500142
2025-06-13,安全資産,33270826.502258983,273.4588479637725
2025-06-13,リスク資産,6504653.086763717,356.4193472199297
2025-06-14,リスク資産,6509986.924253845,356.7116122878819
2025-06-14,安全資産,33266122.54296404,273.420185284636
2025-06-15,リスク資産,6518596.914155424,357.1833925564616
2025-06-15,安全資産,33278142.68486004,273.5189809714524
2025-06-16,安全資産,33273436.45313337,273.48029961479483
2025-06-16,リスク資産,6523933.848255617,357.4758273016776
2025-06-17,安全資産,33268730.26764588,273.4416186381853
2025-06-17,リスク資産,6529270.989870023,357.7682734175355
2025-06-18,安全資産,33264024.12830727,273.4029380408817
2025-06-18,リスク資産,6534608.339100685,358.0607309096266
2025-06-19,リスク資産,6539945.896049649,358.35319978354244
2025-06-19,安全資産,33259318.035027254,273.36425782214184
2025-06-20,安全資産,33254611.987715542,273.32557798122366
2025-06-20,リスク資産,6545283.66081897,358.64568004487506
2025-06-21,安全資産,33249905.986281835,273.28689851738494
2025-06-21,リスク資産,6550621.633510708,358.93817169921687
2025-06-22,リスク資産,6555959.814226932,359.2306747521606
2025-06-22,安全資産,33245200.030635823,273.24821942988353
2025-06-23,安全資産,33240494.120687224,273.20954071797723
2025-06-23,リスク資産,6561298.203069716,359.52318920929946
2025-06-24,安全資産,33235788.256345723,273.1708623809238
2025-06-24,リスク資産,6566636.800141144,359.81571507622704
2025-06-25,安全資産,33231082.43752102,273.132184417981
2025-06-25,リスク資産,6571975.605543303,360.1082523585372
2025-06-26,安全資産,33522715.102478977,275.5291652258546
2025-06-26,リスク資産,6635976.181022127,363.6151332066919
2025-06-27,リスク資産,6641363.022692676,363.91030261329735
2025-06-27,安全資産,33517967.40510686,275.49014305567283
2025-06-28,リスク資産,6646750.074861052,364.2054835540303
2025-06-28,安全資産,33513219.753384154,275.45112126069165
2025-06-29,リスク資産,6612781.664205626,362.3442007783905
2025-06-29,安全資産,33310227.820644397,273.7826944162553
2025-06-30,安全資産,33305508.347678784,273.74390422749684
2025-06-30,リスク資産,6618137.26406643,362.6376583050098
2025-07-01,安全資産,33300788.919820767,273.70511440948576
2025-07-01,リスク資産,6623493.073486981,362.9311273143551
2025-07-02,安全資産,33296069.536979757,273.66632496147747
2025-07-02,リスク資産,6628849.092569721,363.2246078120396
2025-07-03,安全資産,33291350.19906516,273.62753588272733
2025-07-03,リスク資産,6634205.321417094,363.5180998036764
2025-07-04,リスク資産,6639561.760131554,363.81160329487966
2025-07-04,安全資産,33286630.905986384,273.58874717249086
2025-07-05,リスク資産,6644918.408815563,364.1051182912637
2025-07-05,安全資産,33281911.65765284,273.54995883002334
2025-07-06,リスク資産,6650275.267571587,364.3986447984432
2025-07-06,安全資産,33277192.453973938,273.5111708545803
2025-07-07,安全資産,33272473.29485908,273.47238324541706
2025-07-07,リスク資産,6655632.336502103,364.692182822033
2025-07-08,安全資産,33267754.180217657,273.43359600178894
2025-07-08,リスク資産,6660989.615709592,364.9857323676489
2025-07-09,安全資産,33263035.10995908,273.3948091229513
2025-07-09,リスク資産,6666347.105296541,365.2792934409064
2025-07-10,リスク資産,6671704.805365449,365.5728660474219
2025-07-10,安全資産,33258316.08399273,273.35602260815944
2025-07-11,リスク資産,6677062.716018817,365.8664501928119
2025-07-11,安全資産,33253597.102228023,273.3172364566687
2025-07-12,リスク資産,6682420.837359156,366.1600458826935
2025-07-12,安全資産,33248878.164574336,273.2784506677343
2025-07-13,リスク資産,6687779.169488984,366.4536531226841
2025-07-13,安全資産,33244159.27094106,273.2396652406115
2025-07-14,リスク資産,6693137.712510824,366.7472719184013
2025-07-14,安全資産,33239440.421237588,273.20088017455555
2025-07-15,安全資産,33234721.6153733,273.16209546882163
2025-07-15,リスク資産,6698496.466527208,367.04090227546345
2025-07-16,安全資産,33230002.853257574,273.12331112266503
2025-07-16,リスク資産,6703855.431640673,367.33454419948896
2025-07-17,リスク資産,6709214.607953767,367.6281976960968
2025-07-17,安全資産,33225284.134799805,273.08452713534086
2025-07-18,安全資産,33220565.459909365,273.0457435061044
2025-07-18,リスク資産,6714573.995569042,367.9218627709064
2025-07-19,リスク資産,6719933.594589056,368.2155394295373
2025-07-19,安全資産,33215846.82849563,273.0069602342106
2025-07-20,リスク資産,6725293.4051163765,368.5092276776097
2025-07-20,安全資産,33211128.24046797,272.96817731891485
2025-07-21,リスク資産,6730653.42725358,368.8029275207441
2025-07-21,安全資産,33206409.695735764,272.929394759472
2025-07-22,安全資産,33201691.19420838,272.8906125551374
2025-07-22,リスク資産,6736013.661103245,369.09663896456135
2025-07-23,リスク資産,6741374.10676796,369.3903620146828
2025-07-23,安全資産,33196972.735795185,272.8518307051659
2025-07-24,安全資産,33192254.320405547,272.8130492088127
2025-07-24,リスク資産,6746734.764350321,369.6840966767299
2025-07-25,安全資産,33187535.94794882,272.7742680653328
2025-07-25,リスク資産,6752095.633952931,369.977842956325
2025-07-26,リスク資産,6817518.825267438,373.56267535711993
2025-07-26,安全資産,33477755.50874534,275.15963431845483
2025-07-27,リスク資産,6822927.77185433,373.85905599201806
2025-07-27,安全資産,33472995.28446813,275.12050918740925
2025-07-28,安全資産,33468235.103231087,275.0813844101185
2025-07-28,リスク資産,6828336.932656548,374.1554483647424
2025-07-29,リスク資産,6790739.9165447615,372.09533789286365
2025-07-29,安全資産,33252881.35617565,273.31135361240257
2025-07-30,安全資産,33248151.21715756,273.27247575745946
2025-07-30,リスク資産,6796115.4622543575,372.3898883427045
2025-07-31,安全資産,33243421.12063615,273.233598251804
2025-07-31,リスク資産,6801491.22113987,372.6844504734175
2025-08-01,安全資産,33238691.06652053,273.1947210946893
2025-08-01,リスク資産,6806867.19330421,372.9790242906417
2025-08-02,安全資産,33233961.05471983,273.1558442853685
2025-08-02,リスク資産,6812243.378850299,373.2736098000164
2025-08-03,安全資産,33229231.08514316,273.11696782309446
2025-08-03,リスク資産,6817619.777881064,373.5682070071816
2025-08-04,安全資産,33224501.15769961,273.0780917071201
2025-08-04,リスク資産,6822996.390499441,373.8628159177776
2025-08-05,リスク資産,6828373.216808368,374.1574365374449
2025-08-05,安全資産,33219771.27229831,273.03921593669844
2025-08-06,リスク資産,6833750.256910797,374.45206887182457
2025-08-06,安全資産,33215041.428848352,273.0003405110824
2025-08-07,安全資産,33210311.62725885,272.9614654295248
2025-08-07,リスク資産,6839127.510909682,374.746712926558
2025-08-08,リスク資産,6844504.978907988,375.04136870728695
2025-08-08,安全資産,33205581.867438897,272.9225906912786
2025-08-09,安全資産,33200852.1492976,272.8837162955967
2025-08-09,リスク資産,6849882.661008683,375.33603621965386
2025-08-10,安全資産,33196122.472744048,272.8448422417319
2025-08-10,リスク資産,6855260.557314747,375.63071546930126
2025-08-11,安全資産,33191392.837687343,272.80596852893706
2025-08-11,リスク資産,6860638.667929164,375.925406461872
2025-08-12,安全資産,33186663.244036578,272.767095156465
2025-08-12,リスク資産,6866016.992954926,376.22010920300966
2025-08-13,安全資産,33181933.69170083,272.7282221235685
2025-08-13,リスク資産,6871395.532495029,376.51482369835776
2025-08-14,リスク資産,6876774.286652484,376.8095499535608
2025-08-14,安全資産,33177204.1805892,272.6893494295003
2025-08-15,安全資産,33189038.32704912,272.7866163867051
2025-08-15,リスク資産,6885589.639091946,377.2925829639422
2025-08-16,リスク資産,6890971.508716835,377.5874799296896
2025-08-16,安全資産,33184306.536623582,272.74772495855
2025-08-17,リスク資産,6896353.593375453,377.88238867810696
2025-08-17,安全資産,33179574.78716986,272.7088338671495
2025-08-18,リスク資産,6901735.893170886,378.1773092148431
2025-08-18,安全資産,33174843.07859697,272.669943111756
2025-08-19,安全資産,33170111.410813957,272.6310526916216
2025-08-19,リスク資産,6907118.408206226,378.4722415455466
2025-08-20,安全資産,33165379.78372984,272.59216260599874
2025-08-20,リスク資産,6912501.138584578,378.7671856758673
2025-08-21,安全資産,33160648.197253656,272.55327285413966
2025-08-21,リスク資産,6917884.084409049,379.0621416114548
2025-08-22,リスク資産,6923267.245782752,379.357109357959
2025-08-22,安全資産,33155916.65129441,272.51438343529657
2025-08-23,リスク資産,6928650.622808812,379.6520889210309
2025-08-23,安全資産,33151185.14576115,272.4754943487218
2025-08-24,安全資産,33146453.68056288,272.4366055936675
2025-08-24,リスク資産,6934034.215590359,379.947080306321
2025-08-25,リスク資産,6939418.02423053,380.2420835194811
2025-08-25,安全資産,33141722.255608607,272.3977171693858
2025-08-26,安全資産,33430481.528341606,274.7710810548625
2025-08-26,リスク資産,7006311.391298221,383.90747349579294
2025-08-27,安全資産,33425708.278606128,274.7318488652558
2025-08-27,リスク資産,7011743.319588249,384.20511340209583
2025-08-28,安全資産,33420935.069195718,274.6926170070881
2025-08-28,リスク資産,7017175.465960932,384.50276525813325
2025-08-29,安全資産,33236350.375635,273.17548253946575
2025-08-29,リスク資産,6984819.354903913,382.72982766596783
2025-08-30,リスク資産,6990222.705162854,383.0259016527591
2025-08-30,安全資産,33231602.930686265,273.1364624439967
2025-08-31,リスク資産,6995626.272641534,383.32198754200186
2025-08-31,安全資産,33226855.52557168,273.0974426759316
2025-09-01,安全資産,33222108.160199936,273.05842323452003
2025-09-01,リスク資産,7001030.057443496,383.61808533936966
2025-09-02,リスク資産,7006434.059672288,383.9141950505363
2025-09-02,安全資産,33217360.83447972,273.01940411901137
2025-09-03,安全資産,33212613.54831971,272.98038532865513
2025-09-03,リスク資産,7011838.279431465,384.21031668117615
2025-09-04,安全資産,33207866.30162859,272.9413668627008
2025-09-04,リスク資産,7017242.716824593,384.506450236964
2025-09-05,安全資産,33203119.09431504,272.90234872039764
2025-09-05,リスク資産,7022647.371955242,384.8025957235749
2025-09-06,リスク資産,7028052.244926991,385.0987531466844
2025-09-06,安全資産,33198371.926287737,272.8633309009951
2025-09-07,リスク資産,7033457.335843424,385.3949225119685
2025-09-07,安全資産,33193624.79745535,272.8243134037426
2025-09-08,リスク資産,7038862.644808135,385.6911038251033
2025-09-08,安全資産,33188877.70772656,272.78529622788955
2025-09-09,安全資産,33184130.657010023,272.74627937268514
2025-09-09,リスク資産,7044268.171924723,385.9872970917657
2025-09-10,安全資産,33179383.645214416,272.7072628373788
2025-09-10,リスク資産,7049673.917296796,386.2835023176327
2025-09-11,リスク資産,7055079.881027969,386.5797195083818
2025-09-11,安全資産,33174636.6722484,272.66824662121974
2025-09-12,安全資産,33169889.73802064,272.6292307234573
2025-09-12,リスク資産,7060486.063221864,386.8759486696912
2025-09-13,安全資産,33165142.842439786,272.5902151433407
2025-09-13,リスク資産,7065892.46398211,387.1721898072389
2025-09-14,安全資産,33012033.574455597,271.3317828037446
2025-09-14,リスク資産,7039661.494371248,385.734876403904
2025-09-15,リスク資産,7045044.141924557,386.02981599586616
2025-09-15,安全資産,33007307.993561488,271.2929424128342
2025-09-16,安全資産,33002582.450868577,271.2541023359061
2025-09-16,リスク資産,7050427.007375875,386.3247675274452
2025-09-17,リスク資産,7055810.090828395,386.61973100429566
2025-09-17,安全資産,32997856.94628592,271.215262572213
2025-09-18,リスク資産,7061193.392385323,386.9147064320725
2025-09-18,安全資産,32993131.47972257,271.1764231210074
2025-09-19,リスク資産,7066576.912149864,387.2096938164309
2025-09-19,安全資産,32988406.051087584,271.1375839815418
2025-09-20,安全資産,32983680.66029001,271.0987451530686
2025-09-20,リスク資産,7071960.650225237,387.5046931630267
2025-09-21,安全資産,32978955.3072389,271.0599066348403
2025-09-21,リスク資産,7077344.606714667,387.799704477516
2025-09-22,安全資産,32974229.99184329,271.02106842610925
2025-09-22,リスク資産,7082728.781721383,388.0947277655552
2025-09-23,リスク資産,7088113.175348627,388.3897630328015
2025-09-23,安全資産,32969504.71401224,270.982230526128
2025-09-24,安全資産,32964779.47365478,270.9433929341489
2025-09-24,リスク資産,7093497.787699644,388.684810284912
2025-09-25,リスク資産,7098882.618877687,388.9798695275445
2025-09-25,安全資産,32960054.27067996,270.9045556494243
2025-09-26,安全資産,33247372.529654343,273.2660755862001
2025-09-26,リスク資産,7167224.244328482,392.724616127588
2025-09-27,リスク資産,7172657.236630342,393.02231433590913
2025-09-27,安全資産,33242605.528044198,273.2268947510482
2025-09-28,安全資産,33237838.563872643,273.1877142236108
2025-09-28,リスク資産,7178090.450010979,393.3200246581358
2025-09-29,リスク資産,7138449.784848564,391.1479334163597
2025-09-29,安全資産,33024545.736773934,271.4346224940324
2025-09-30,リスク資産,7143849.346409475,391.44379980325897
2025-09-30,安全資産,33019808.757768936,271.3956884200187
2025-10-01,リスク資産,7149249.127972628,391.7396782450755
2025-10-01,安全資産,33015071.815694008,271.35675464953977
2025-10-02,安全資産,33010334.910457943,271.31782118184617
2025-10-02,リスク資産,7154649.129641586,392.03556874748415
2025-10-03,リスク資産,7160049.3515199255,392.3314713161603
2025-10-03,安全資産,33005598.04196953,271.278888016188
2025-10-04,リスク資産,7165449.793711226,392.6273859567795
2025-10-04,安全資産,33000861.210137565,271.2399551518156
2025-10-05,リスク資産,7170850.456319079,392.923312675018
2025-10-05,安全資産,32996124.41487082,271.20102258797937
2025-10-06,安全資産,32991387.65607809,271.16209032392953
2025-10-06,リスク資産,7176251.339447078,393.2192514765522
2025-10-07,リスク資産,7181652.443198827,393.51520236705903
2025-10-07,安全資産,32986650.93366814,271.1231583589162
2025-10-08,リスク資産,7187053.767677937,393.8111653522157
2025-10-08,安全資産,32981914.247549757,271.08422669218976
2025-10-09,リスク資産,7192455.312988026,394.1071404377001
2025-10-09,安全資産,32977177.597631708,271.04529532300035
2025-10-10,リスク資産,7197857.07923272,394.4031276291901
2025-10-10,安全資産,32972440.98382277,271.0063642505981
2025-10-11,リスク資産,7203259.066515652,394.69912693236455
2025-10-11,安全資産,32967704.406031724,270.96743347423336
2025-10-12,リスク資産,7208661.274940462,394.995138352902
2025-10-12,安全資産,32962967.86416732,270.92850299315603
2025-10-13,リスク資産,7214063.7046107985,395.29116189648215
2025-10-13,安全資産,32958231.358138327,270.8895728066164
2025-10-14,安全資産,32953494.88785351,270.8506429138645
2025-10-14,リスク資産,7219466.355630316,395.58719756878446
2025-10-15,リスク資産,7228466.050020486,396.08033150797183
2025-10-15,安全資産,32965161.631303824,270.94653395592184
2025-10-16,リスク資産,7233871.833920476,396.3765388449576
2025-10-16,安全資産,32960422.874269303,270.90758526796685
2025-10-17,リスク資産,7239277.839591008,396.67275833375385
2025-10-17,安全資産,32955684.152722884,270.86863687169495
2025-10-18,リスク資産,7244684.067135818,396.9689899800448
2025-10-18,安全資産,32950945.46657328,270.82968876635573
2025-10-19,安全資産,32946206.81572919,270.7907409511988
2025-10-19,リスク資産,7250090.516658653,397.2652337895152
